{
    "song": {
        "speed": 1.4,
        "bpm": 115,
        "burgTimes": [
            4173.91304347826,
            5217.39130434783,
            6260.86956521739,
            6782.60869565217,
            7304.34782608696,
            8347.82608695652,
            8869.5652173913,
            9391.30434782609,
            9652.17391304348,
            9913.04347826087,
            10434.7826086957,
            10695.652173913,
            10956.5217391304,
            11217.3913043478,
            11478.2608695652,
            11739.1304347826,
            12000,
            12521.7391304348,
            13043.4782608696,
            13565.2173913043,
            13826.0869565217,
            14086.9565217391,
            14608.6956521739,
            14869.5652173913,
            15130.4347826087,
            15391.3043478261,
            15652.1739130435,
            16043.4782608696,
            16173.9130434783,
            16695.652173913,
            17217.3913043478,
            17739.1304347826,
            18000,
            18260.8695652174,
            18782.6086956522,
            19043.4782608696,
            19304.347826087,
            19565.2173913044,
            19826.0869565217,
            20086.9565217391,
            20347.8260869565,
            20869.5652173913,
            21391.3043478261,
            21913.0434782609,
            22173.9130434783,
            22434.7826086957,
            22956.5217391304,
            23217.3913043478,
            23478.2608695652,
            23739.1304347826,
            24000,
            24521.7391304348,
            24391.3043478261,
            25304.347826087,
            25565.2173913044,
            25826.0869565217,
            26086.9565217391,
            26869.5652173913,
            27391.3043478261,
            27913.0434782609,
            28434.7826086957,
            28695.652173913,
            29478.2608695652,
            29739.1304347826,
            30000,
            30260.8695652174,
            31043.4782608696,
            31565.2173913043,
            32086.9565217391,
            32217.3913043478,
            32347.8260869565,
            32608.6956521739,
            32739.1304347826,
            32869.5652173913,
            33000,
            33130.4347826087,
            37304.347826087,
            37434.7826086956,
            37565.2173913044,
            38608.6956521739,
            39652.1739130435,
            40173.9130434783,
            40695.652173913,
            42260.8695652174,
            42782.6086956522,
            44347.8260869565,
            44869.5652173913,
            45652.1739130435,
            46434.7826086957,
            46956.5217391304,
            48260.8695652174,
            48521.7391304348,
            48782.6086956522,
            49043.4782608696,
            49434.7826086957,
            49565.2173913044,
            49826.0869565217,
            50086.9565217391,
            50608.6956521739,
            51130.4347826087,
            51391.3043478261,
            51652.1739130435,
            52173.9130434783,
            52434.7826086957,
            52695.652173913,
            52956.5217391304,
            53217.3913043478,
            53478.2608695652,
            53739.1304347826,
            54260.8695652174,
            54782.6086956522,
            55304.347826087,
            55565.2173913044,
            55826.0869565217,
            56347.8260869565,
            56608.6956521739,
            56869.5652173913,
            57130.4347826087,
            57391.3043478261,
            57913.0434782609,
            57782.6086956522,
            58434.7826086957,
            58956.5217391304,
            59478.2608695652,
            59739.1304347826,
            60000,
            60521.7391304348,
            60782.6086956522,
            61043.4782608696,
            61304.347826087,
            61565.2173913044,
            61826.0869565217,
            62086.9565217391,
            62608.6956521739,
            63130.4347826087,
            63652.1739130435,
            63913.0434782609,
            64173.9130434783,
            64695.652173913,
            64956.5217391304,
            65217.3913043478,
            65478.2608695652,
            65739.1304347826,
            66260.8695652174
        ]
    }
}